,Date,Port,Weight,TEU
0,2019-01,AK,3377105,140
1,2019-01,AL,116945198,4872
4,2019-01,CA,5217244404,217385
6,2019-01,CT,10767755,448
7,2019-01,DC,637104,26
8,2019-01,DE,148304352,6179
10,2019-01,FL,899196531,37466
11,2019-01,GA,1364971836,56873
12,2019-01,HI,70219124,2925
15,2019-01,IL,5144629,214
18,2019-01,KY,356395,14
19,2019-01,LA,359462493,14977
20,2019-01,MA,81038408,3376
21,2019-01,MD,494121818,20588
22,2019-01,ME,8617021,359
23,2019-01,MI,17278239,719
24,2019-01,MN,7383515,307
26,2019-01,MS,76235385,3176
28,2019-01,NC,107597229,4483
31,2019-01,NH,13434,0
32,2019-01,NJ,2351997031,97999
35,2019-01,NY,302714729,12613
36,2019-01,OH,498833,20
38,2019-01,OR,173256,7
39,2019-01,PA,381533515,15897
40,2019-01,PR,343568708,14315
41,2019-01,RI,17690,0
42,2019-01,SC,710162343,29590
45,2019-01,TX,1113336683,46389
48,2019-01,VA,816489050,34020
49,2019-01,VI,2032705,84
51,2019-01,WA,828162388,34506
52,2019-01,WI,655571,27
54,2019-02,AK,3996720,166
55,2019-02,AL,108492329,4520
58,2019-02,CA,4337026892,180709
61,2019-02,DC,685565,28
62,2019-02,DE,155508426,6479
64,2019-02,FL,917643903,38235
65,2019-02,GA,1023650905,42652
66,2019-02,HI,25100296,1045
69,2019-02,IL,23765847,990
72,2019-02,KY,446913,18
73,2019-02,LA,242691217,10112
74,2019-02,MA,96148961,4006
75,2019-02,MD,403322954,16805
76,2019-02,ME,14823829,617
77,2019-02,MI,3000700,125
78,2019-02,MN,6175384,257
80,2019-02,MS,51674085,2153
82,2019-02,NC,59388541,2474
85,2019-02,NH,70242000,2926
86,2019-02,NJ,2082749180,86781
89,2019-02,NY,223906770,9329
90,2019-02,OH,303733,12
92,2019-02,OR,348427,14
93,2019-02,PA,303751946,12656
94,2019-02,PR,213282465,8886
95,2019-02,RI,4703,0
96,2019-02,SC,601248235,25052
99,2019-02,TX,894944815,37289
102,2019-02,VA,755912995,31496
103,2019-02,VI,1059440,44
105,2019-02,WA,707787762,29491
106,2019-02,WI,883242,36
108,2019-03,AK,2864677,119
109,2019-03,AL,123445408,5143
112,2019-03,CA,3937151392,164047
114,2019-03,CT,1837728,76
115,2019-03,DC,475454,19
116,2019-03,DE,181365261,7556
118,2019-03,FL,928080762,38670
119,2019-03,GA,1269455723,52893
120,2019-03,HI,135334226,5638
123,2019-03,IL,1533607,63
124,2019-03,IN,9184,0
126,2019-03,KY,540889,22
127,2019-03,LA,277511307,11562
128,2019-03,MA,147168940,6132
129,2019-03,MD,458727425,19113
130,2019-03,ME,12000667,500
131,2019-03,MI,1545415,64
132,2019-03,MN,8515563,354
134,2019-03,MS,59961994,2498
136,2019-03,NC,108008421,4500
139,2019-03,NH,28286,1
140,2019-03,NJ,2100846470,87535
143,2019-03,NY,214322202,8930
144,2019-03,OH,413238,17
146,2019-03,OR,189943,7
147,2019-03,PA,341250729,14218
148,2019-03,PR,326429865,13601
150,2019-03,SC,688279838,28678
153,2019-03,TX,1229539756,51230
156,2019-03,VA,801499908,33395
157,2019-03,VI,1131275,47
159,2019-03,WA,694271889,28927
160,2019-03,WI,542124,22
162,2019-04,AK,4614723,192
163,2019-04,AL,129799808,5408
166,2019-04,CA,4481033920,186709
168,2019-04,CT,1647330,68
169,2019-04,DC,326959,13
170,2019-04,DE,179144678,7464
172,2019-04,FL,875622890,36484
173,2019-04,GA,1198657187,49944
174,2019-04,HI,121683700,5070
177,2019-04,IL,6098781,254
180,2019-04,KY,481218,20
181,2019-04,LA,282458598,11769
182,2019-04,MA,95623809,3984
183,2019-04,MD,467392082,19474
184,2019-04,ME,19453602,810
185,2019-04,MI,2626701,109
186,2019-04,MN,9202196,383
188,2019-04,MS,63964209,2665
190,2019-04,NC,75228171,3134
194,2019-04,NJ,2180026589,90834
197,2019-04,NY,235519416,9813
198,2019-04,OH,732508,30
200,2019-04,OR,101288,4
201,2019-04,PA,406175102,16923
202,2019-04,PR,353634147,14734
203,2019-04,RI,22300002,929
204,2019-04,SC,681249246,28385
207,2019-04,TX,1164006038,48500
210,2019-04,VA,901984903,37582
211,2019-04,VI,710211,29
213,2019-04,WA,759612674,31650
214,2019-04,WI,247404,10
216,2019-05,AK,1470324,61
217,2019-05,AL,122503542,5104
220,2019-05,CA,4975323655,207305
223,2019-05,DC,662897,27
224,2019-05,DE,139245296,5801
226,2019-05,FL,839816202,34992
227,2019-05,GA,1282377792,53432
228,2019-05,HI,70281986,2928
231,2019-05,IL,4995113,208
234,2019-05,KY,171917,7
235,2019-05,LA,380818003,15867
236,2019-05,MA,87630478,3651
237,2019-05,MD,522277465,21761
238,2019-05,ME,14481568,603
239,2019-05,MI,2195766,91
240,2019-05,MN,9385705,391
242,2019-05,MS,63295918,2637
244,2019-05,NC,83791484,3491
247,2019-05,NH,161958,6
248,2019-05,NJ,2452292858,102178
251,2019-05,NY,261414462,10892
252,2019-05,OH,5919142,246
254,2019-05,OR,57463,2
255,2019-05,PA,369130943,15380
256,2019-05,PR,224360105,9348
257,2019-05,RI,44419,1
258,2019-05,SC,712897400,29704
261,2019-05,TX,1103581370,45982
264,2019-05,VA,864366547,36015
265,2019-05,VI,1074172,44
267,2019-05,WA,845489074,35228
268,2019-05,WI,215695,8
270,2019-06,AK,4775077,198
271,2019-06,AL,115772154,4823
274,2019-06,CA,4570961178,190456
276,2019-06,CT,549965,22
277,2019-06,DC,351946,14
278,2019-06,DE,153716235,6404
280,2019-06,FL,841193735,35049
281,2019-06,GA,1149994480,47916
282,2019-06,HI,120795537,5033
285,2019-06,IL,35023379,1459
288,2019-06,KY,265681,11
289,2019-06,LA,324924387,13538
290,2019-06,MA,99995779,4166
291,2019-06,MD,393406373,16391
292,2019-06,ME,9871653,411
293,2019-06,MI,2418777,100
294,2019-06,MN,8508522,354
296,2019-06,MS,58299765,2429
298,2019-06,NC,76202997,3175
301,2019-06,NH,15230,0
302,2019-06,NJ,2198535493,91605
305,2019-06,NY,213942050,8914
306,2019-06,OH,2468518,102
308,2019-06,OR,92241,3
309,2019-06,PA,333687887,13903
310,2019-06,PR,331937983,13830
311,2019-06,RI,916243,38
312,2019-06,SC,622839773,25951
315,2019-06,TX,1158399828,48266
318,2019-06,VA,789878026,32911
319,2019-06,VI,2764445,115
321,2019-06,WA,720558255,30023
322,2019-06,WI,1479997,61
324,2019-07,AK,5067504,211
325,2019-07,AL,126602192,5275
328,2019-07,CA,5225059819,217710
330,2019-07,CT,16525,0
331,2019-07,DC,681070,28
332,2019-07,DE,159841366,6660
334,2019-07,FL,844130260,35172
335,2019-07,GA,1319387964,54974
336,2019-07,HI,11178303,465
339,2019-07,IL,5178894,215
342,2019-07,KY,286387,11
343,2019-07,LA,465076496,19378
344,2019-07,MA,91379627,3807
345,2019-07,MD,498280789,20761
346,2019-07,ME,8492194,353
347,2019-07,MI,30763256,1281
348,2019-07,MN,10566069,440
350,2019-07,MS,95250985,3968
352,2019-07,NC,113045118,4710
355,2019-07,NH,13500,0
356,2019-07,NJ,2348521750,97855
359,2019-07,NY,266358722,11098
360,2019-07,OH,26333985,1097
362,2019-07,OR,222923,9
363,2019-07,PA,418489009,17437
364,2019-07,PR,284227462,11842
365,2019-07,RI,775372,32
366,2019-07,SC,694012005,28917
369,2019-07,TX,1069750251,44572
372,2019-07,VA,873959558,36414
373,2019-07,VI,1865237,77
375,2019-07,WA,816967528,34040
376,2019-07,WI,1048620,43
378,2019-08,AK,3085913,128
379,2019-08,AL,134001542,5583
382,2019-08,CA,4869012273,202875
384,2019-08,CT,7871,0
385,2019-08,DC,642435,26
386,2019-08,DE,157876128,6578
388,2019-08,FL,834806052,34783
389,2019-08,GA,1399074061,58294
390,2019-08,HI,113410731,4725
393,2019-08,IL,1495763,62
396,2019-08,KY,305628,12
397,2019-08,LA,331453047,13810
398,2019-08,MA,106381064,4432
399,2019-08,MD,469211419,19550
400,2019-08,ME,6901781,287
401,2019-08,MI,4594829,191
402,2019-08,MN,8625973,359
404,2019-08,MS,57153621,2381
406,2019-08,NC,81751261,3406
409,2019-08,NH,1955,0
410,2019-08,NJ,2251413004,93808
413,2019-08,NY,252087194,10503
414,2019-08,OH,11618959,484
416,2019-08,OR,4258686,177
417,2019-08,PA,352426908,14684
418,2019-08,PR,354437594,14768
419,2019-08,RI,1277000,53
420,2019-08,SC,733315482,30554
423,2019-08,TX,1156860699,48202
426,2019-08,VA,811721595,33821
427,2019-08,VI,911488,37
429,2019-08,WA,792850048,33035
430,2019-08,WI,16657501,694
432,2019-09,AK,2906180,121
433,2019-09,AL,151380424,6307
436,2019-09,CA,4635527763,193146
438,2019-09,CT,134,0
439,2019-09,DC,749645,31
440,2019-09,DE,137041549,5710
442,2019-09,FL,792092444,33003
443,2019-09,GA,1237975654,51582
444,2019-09,HI,66673566,2778
447,2019-09,IL,4266227,177
448,2019-09,IN,1798,0
450,2019-09,KY,501590,20
451,2019-09,LA,296604997,12358
452,2019-09,MA,80303293,3345
453,2019-09,MD,442306665,18429
454,2019-09,ME,10883557,453
455,2019-09,MI,30015788,1250
456,2019-09,MN,7876376,328
458,2019-09,MS,62823228,2617
460,2019-09,NC,70890959,2953
464,2019-09,NJ,2263213291,94300
467,2019-09,NY,233594860,9733
468,2019-09,OH,69042142,2876
470,2019-09,OR,1185602,49
471,2019-09,PA,345152224,14381
472,2019-09,PR,370729273,15447
473,2019-09,RI,63470,2
474,2019-09,SC,684861002,28535
477,2019-09,TX,1008240113,42010
480,2019-09,VA,802615756,33442
481,2019-09,VI,839469,34
483,2019-09,WA,740730595,30863
484,2019-09,WI,147166,6
486,2019-10,AK,3885408,161
487,2019-10,AL,166959234,6956
490,2019-10,CA,4579039682,190793
493,2019-10,DC,942969,39
494,2019-10,DE,154003348,6416
496,2019-10,FL,900530849,37522
497,2019-10,GA,1269251460,52885
498,2019-10,HI,72457980,3019
501,2019-10,IL,6348016,264
504,2019-10,KY,376541,15
505,2019-10,LA,310961454,12956
506,2019-10,MA,118714784,4946
507,2019-10,MD,446838515,18618
508,2019-10,ME,11348466,472
509,2019-10,MI,8657461,360
510,2019-10,MN,6853536,285
512,2019-10,MS,60697566,2529
514,2019-10,NC,84017365,3500
518,2019-10,NJ,2416325279,100680
521,2019-10,NY,255279014,10636
522,2019-10,OH,2716881,113
524,2019-10,OR,111860,4
525,2019-10,PA,324601582,13525
526,2019-10,PR,385431580,16059
527,2019-10,RI,46859810,1952
528,2019-10,SC,708475162,29519
531,2019-10,TX,1063456737,44310
534,2019-10,VA,817180874,34049
535,2019-10,VI,1703660,70
537,2019-10,WA,717038277,29876
538,2019-10,WI,40158634,1673
540,2019-11,AK,2226919,92
541,2019-11,AL,113173989,4715
544,2019-11,CA,4333594912,180566
547,2019-11,DC,507498,21
548,2019-11,DE,136192204,5674
550,2019-11,FL,826293700,34428
551,2019-11,GA,1199652477,49985
552,2019-11,HI,22291582,928
555,2019-11,IL,4200361,175
558,2019-11,KY,146387,6
559,2019-11,LA,441480219,18395
560,2019-11,MA,83477063,3478
561,2019-11,MD,381763429,15906
562,2019-11,ME,10153018,423
563,2019-11,MI,65236441,2718
564,2019-11,MN,6779037,282
566,2019-11,MS,52794690,2199
568,2019-11,NC,75435842,3143
572,2019-11,NJ,2133320932,88888
575,2019-11,NY,224370367,9348
576,2019-11,OH,25364058,1056
578,2019-11,OR,78864,3
579,2019-11,PA,280305701,11679
580,2019-11,PR,227643176,9485
581,2019-11,RI,1468204,61
582,2019-11,SC,651293622,27137
585,2019-11,TX,946991462,39457
588,2019-11,VA,716494277,29853
589,2019-11,VI,1789317,74
591,2019-11,WA,671985553,27999
592,2019-11,WI,27317228,1138
594,2019-12,AK,2724896,113
595,2019-12,AL,129840183,5410
598,2019-12,CA,4322097248,180087
600,2019-12,CT,51630000,2151
601,2019-12,DC,577180,24
602,2019-12,DE,200563166,8356
604,2019-12,FL,838932538,34955
605,2019-12,GA,1161468335,48394
606,2019-12,HI,153448328,6393
609,2019-12,IL,9671471,402
612,2019-12,KY,224326,9
613,2019-12,LA,192776274,8032
614,2019-12,MA,84818132,3534
615,2019-12,MD,439179248,18299
616,2019-12,ME,11411267,475
617,2019-12,MI,2973488,123
618,2019-12,MN,7412789,308
620,2019-12,MS,60700944,2529
622,2019-12,NC,79535454,3313
625,2019-12,NH,20306041,846
626,2019-12,NJ,2172278650,90511
629,2019-12,NY,253492325,10562
630,2019-12,OH,3465308,144
632,2019-12,OR,151832,6
633,2019-12,PA,345570714,14398
634,2019-12,PR,285718830,11904
635,2019-12,RI,365645,15
636,2019-12,SC,649802857,27075
639,2019-12,TX,961489335,40062
642,2019-12,VA,744208419,31008
643,2019-12,VI,568064,23
645,2019-12,WA,652127473,27171
646,2019-12,WI,109348,4
648,2020-01,AK,3456376,144
649,2020-01,AL,170969393,7123
652,2020-01,CA,4837487366,201561
654,2020-01,CT,25482000,1061
655,2020-01,DC,627204,26
656,2020-01,DE,145607811,6066
658,2020-01,FL,822628627,34276
659,2020-01,GA,1234842181,51451
660,2020-01,HI,66438515,2768
663,2020-01,IL,1594350,66
666,2020-01,KY,119767,4
667,2020-01,LA,333191105,13882
668,2020-01,MA,98736511,4114
669,2020-01,MD,431728989,17988
670,2020-01,ME,9928973,413
671,2020-01,MI,19524517,813
672,2020-01,MN,6405967,266
674,2020-01,MS,53611497,2233
676,2020-01,NC,87008033,3625
679,2020-01,NH,69384000,2891
680,2020-01,NJ,2302701471,95945
683,2020-01,NY,252445342,10518
684,2020-01,OH,808140,33
686,2020-01,OR,8829882,367
687,2020-01,PA,401292761,16720
688,2020-01,PR,296158158,12339
689,2020-01,RI,64085,2
690,2020-01,SC,673544050,28064
693,2020-01,TX,1038625683,43276
696,2020-01,VA,728593217,30358
697,2020-01,VI,612478,25
699,2020-01,WA,748890487,31203
700,2020-01,WI,23703218,987
702,2020-02,AK,2826922,117
703,2020-02,AL,114916582,4788
706,2020-02,CA,3516412921,146517
708,2020-02,CT,48392816,2016
709,2020-02,DC,359556,14
710,2020-02,DE,168411143,7017
712,2020-02,FL,825898594,34412
713,2020-02,GA,1111632170,46318
714,2020-02,HI,63646760,2651
717,2020-02,IL,981877,40
720,2020-02,KY,195446,8
721,2020-02,LA,242150346,10089
722,2020-02,MA,84591471,3524
723,2020-02,MD,340044597,14168
724,2020-02,ME,16012298,667
725,2020-02,MI,3913218,163
726,2020-02,MN,6073749,253
728,2020-02,MS,81966625,3415
730,2020-02,NC,91014088,3792
733,2020-02,NH,40950000,1706
734,2020-02,NJ,2141728975,89238
737,2020-02,NY,261046502,10876
738,2020-02,OH,1316117,54
740,2020-02,OR,7320173,305
741,2020-02,PA,360553015,15023
742,2020-02,PR,218692036,9112
743,2020-02,RI,2553456,106
744,2020-02,SC,729817885,30409
747,2020-02,TX,918809341,38283
750,2020-02,VA,665325290,27721
751,2020-02,VI,1509184,62
753,2020-02,WA,553871926,23077
754,2020-02,WI,64496,2
756,2020-03,AK,6545830,272
757,2020-03,AL,119723959,4988
760,2020-03,CA,3480824171,145034
762,2020-03,CT,51771420,2157
763,2020-03,DC,460404,19
764,2020-03,DE,194075181,8086
766,2020-03,FL,824987649,34374
767,2020-03,GA,1104584529,46024
768,2020-03,HI,105467278,4394
771,2020-03,IL,1438203,59
774,2020-03,KY,307087,12
775,2020-03,LA,480205718,20008
776,2020-03,MA,99159615,4131
777,2020-03,MD,443160241,18465
778,2020-03,ME,20022026,834
779,2020-03,MI,4088719,170
780,2020-03,MN,6277090,261
782,2020-03,MS,69818760,2909
784,2020-03,NC,67538765,2814
787,2020-03,NH,40861561,1702
788,2020-03,NJ,2054398450,85599
791,2020-03,NY,248475535,10353
792,2020-03,OH,1521268,63
794,2020-03,OR,8309910,346
795,2020-03,PA,396441861,16518
796,2020-03,PR,310251143,12927
797,2020-03,RI,15403264,641
798,2020-03,SC,628131470,26172
801,2020-03,TX,1004714911,41863
804,2020-03,VA,762831840,31784
805,2020-03,VI,1503220,62
807,2020-03,WA,638324534,26596
808,2020-03,WI,14705435,612
810,2020-04,AK,3755057,156
811,2020-04,AL,125727663,5238
814,2020-04,CA,4421982769,184249
816,2020-04,CT,5214,0
817,2020-04,DC,514184,21
818,2020-04,DE,189574461,7898
820,2020-04,FL,817321671,34055
821,2020-04,GA,1153738778,48072
822,2020-04,HI,118284211,4928
825,2020-04,IL,35176607,1465
828,2020-04,KY,52024,2
829,2020-04,LA,305341857,12722
830,2020-04,MA,81936713,3414
831,2020-04,MD,471151791,19631
832,2020-04,ME,11013104,458
833,2020-04,MI,25188902,1049
834,2020-04,MN,6334643,263
836,2020-04,MS,52407908,2183
838,2020-04,NC,81041383,3376
841,2020-04,NH,4858,0
842,2020-04,NJ,2239625659,93317
845,2020-04,NY,215805721,8991
846,2020-04,OH,3241719,135
848,2020-04,OR,10765570,448
849,2020-04,PA,342074199,14253
850,2020-04,PR,413951723,17247
851,2020-04,RI,44078,1
852,2020-04,SC,650555460,27106
855,2020-04,TX,1081518930,45063
858,2020-04,VA,765327645,31888
859,2020-04,VI,1503220,62
861,2020-04,WA,662459144,27602
862,2020-04,WI,24512200,1021
864,2020-05,AK,2686898,111
865,2020-05,AL,179865743,7494
868,2020-05,CA,4166223398,173592
870,2020-05,CT,1052062,43
871,2020-05,DC,157656,6
872,2020-05,DE,154089283,6420
874,2020-05,FL,768436668,32018
875,2020-05,GA,1048301317,43679
876,2020-05,HI,24408627,1017
879,2020-05,IL,16327324,680
882,2020-05,KY,34962,1
883,2020-05,LA,278294448,11595
884,2020-05,MA,94919167,3954
885,2020-05,MD,453724492,18905
886,2020-05,ME,13402705,558
887,2020-05,MI,65930311,2747
888,2020-05,MN,9942491,414
890,2020-05,MS,48212460,2008
892,2020-05,NC,110695145,4612
896,2020-05,NJ,2054393293,85599
899,2020-05,NY,181475542,7561
900,2020-05,OH,1109595,46
902,2020-05,OR,11253572,468
903,2020-05,PA,317457420,13227
904,2020-05,PR,354855028,14785
905,2020-05,RI,51234,2
906,2020-05,SC,603923448,25163
909,2020-05,TX,1000460375,41685
912,2020-05,VA,643346696,26806
913,2020-05,VI,1503220,62
915,2020-05,WA,679156161,28298
916,2020-05,WI,23238344,968
918,2020-06,AK,2482731,103
919,2020-06,AL,102429705,4267
922,2020-06,CA,4616564160,192356
924,2020-06,CT,78515,3
925,2020-06,DC,173058,7
926,2020-06,DE,164638252,6859
928,2020-06,FL,836366607,34848
929,2020-06,GA,1091613733,45483
930,2020-06,HI,68973895,2873
933,2020-06,IL,5436245,226
936,2020-06,KY,108598,4
937,2020-06,LA,330857043,13785
938,2020-06,MA,71112524,2963
939,2020-06,MD,397453813,16560
940,2020-06,ME,10112398,421
941,2020-06,MI,9055367,377
942,2020-06,MN,7934058,330
944,2020-06,MS,58870650,2452
946,2020-06,NC,62189903,2591
950,2020-06,NJ,2014725783,83946
953,2020-06,NY,152159323,6339
954,2020-06,OH,41861596,1744
956,2020-06,OR,25414509,1058
957,2020-06,PA,345778862,14407
958,2020-06,PR,269527801,11230
959,2020-06,RI,613888,25
960,2020-06,SC,545546080,22731
963,2020-06,TX,955047795,39793
966,2020-06,VA,710511844,29604
967,2020-06,VI,53253,2
969,2020-06,WA,641213473,26717
970,2020-06,WI,77085,3
972,2020-07,AK,3009301,125
973,2020-07,AL,182007425,7583
976,2020-07,CA,5334165420,222256
978,2020-07,CT,40656,1
979,2020-07,DC,102053,4
980,2020-07,DE,143972168,5998
982,2020-07,FL,804666104,33527
983,2020-07,GA,1201918505,50079
984,2020-07,HI,110844794,4618
987,2020-07,IL,9719488,404
990,2020-07,KY,106405,4
991,2020-07,LA,248751654,10364
992,2020-07,MA,93675914,3903
993,2020-07,MD,445263523,18552
994,2020-07,ME,13945439,581
995,2020-07,MI,25977080,1082
996,2020-07,MN,9137004,380
998,2020-07,MS,79925066,3330
1000,2020-07,NC,69904305,2912
1004,2020-07,NJ,2287589112,95316
1007,2020-07,NY,160431502,6684
1008,2020-07,OH,17045976,710
1010,2020-07,OR,26364938,1098
1011,2020-07,PA,389232354,16218
1012,2020-07,PR,370723444,15446
1013,2020-07,RI,20410734,850
1014,2020-07,SC,685189909,28549
1017,2020-07,TX,1084289846,45178
1020,2020-07,VA,716397651,29849
1021,2020-07,VI,213710,8
1023,2020-07,WA,710857005,29619
1024,2020-07,WI,978447,40
1026,2020-08,AK,2360354,98
1027,2020-08,AL,141662923,5902
1030,2020-08,CA,5318347877,221597
1032,2020-08,CT,300301,12
1033,2020-08,DC,168743,7
1034,2020-08,DE,142382559,5932
1036,2020-08,FL,922574027,38440
1037,2020-08,GA,1431372512,59640
1038,2020-08,HI,69426386,2892
1041,2020-08,IL,48744513,2031
1042,2020-08,IN,217,0
1044,2020-08,KY,146602,6
1045,2020-08,LA,198181120,8257
1046,2020-08,MA,79365586,3306
1047,2020-08,MD,392500499,16354
1048,2020-08,ME,10222386,425
1049,2020-08,MI,22736179,947
1050,2020-08,MN,7784238,324
1052,2020-08,MS,55601607,2316
1054,2020-08,NC,87601061,3650
1058,2020-08,NJ,2586431499,107767
1061,2020-08,NY,172324440,7180
1062,2020-08,OH,857714,35
1064,2020-08,OR,21344151,889
1065,2020-08,PA,402112388,16754
1066,2020-08,PR,287608448,11983
1067,2020-08,RI,2916407,121
1068,2020-08,SC,754364681,31431
1071,2020-08,TX,1067872185,44494
1074,2020-08,VA,750899209,31287
1075,2020-08,VI,531691,22
1077,2020-08,WA,703688031,29320
1078,2020-08,WI,2469764,102
1080,2020-09,AK,1737351,72
1081,2020-09,AL,134452984,5602
1084,2020-09,CA,5451893813,227162
1087,2020-09,DC,236626,9
1088,2020-09,DE,167218676,6967
1090,2020-09,FL,890522488,37105
1091,2020-09,GA,1349591294,56232
1092,2020-09,HI,63550036,2647
1095,2020-09,IL,24672935,1028
1098,2020-09,KY,47244,1
1099,2020-09,LA,225586011,9399
1100,2020-09,MA,115992576,4833
1101,2020-09,MD,475302597,19804
1102,2020-09,ME,14454361,602
1103,2020-09,MI,12713895,529
1104,2020-09,MN,7687856,320
1106,2020-09,MS,120181836,5007
1108,2020-09,NC,70860417,2952
1112,2020-09,NJ,2582395639,107599
1115,2020-09,NY,209343734,8722
1116,2020-09,OH,1998932,83
1118,2020-09,OR,24802861,1033
1119,2020-09,PA,406235969,16926
1120,2020-09,PR,433599774,18066
1121,2020-09,RI,50423449,2100
1122,2020-09,SC,711684776,29653
1125,2020-09,TX,1084883280,45203
1128,2020-09,VA,784732848,32697
1129,2020-09,VI,213710,8
1131,2020-09,WA,725839432,30243
1132,2020-09,WI,554387,23
1134,2020-10,AK,3263919,135
1135,2020-10,AL,182251785,7593
1138,2020-10,CA,5523017192,230125
1140,2020-10,CT,3084148,128
1141,2020-10,DC,232617,9
1142,2020-10,DE,140706656,5862
1144,2020-10,FL,910450755,37935
1145,2020-10,GA,1425894201,59412
1146,2020-10,HI,48082907,2003
1149,2020-10,IL,31000991,1291
1152,2020-10,KY,71675,2
1153,2020-10,LA,305573392,12732
1154,2020-10,MA,90397967,3766
1155,2020-10,MD,533029017,22209
1156,2020-10,ME,17117035,713
1157,2020-10,MI,15841583,660
1158,2020-10,MN,9556074,398
1160,2020-10,MS,72382890,3015
1162,2020-10,NC,82259677,3427
1166,2020-10,NJ,2851329137,118805
1169,2020-10,NY,229567613,9565
1170,2020-10,OH,7162934,298
1172,2020-10,OR,15014463,625
1173,2020-10,PA,327408626,13642
1174,2020-10,PR,347623345,14484
1175,2020-10,RI,20547753,856
1176,2020-10,SC,810291464,33762
1179,2020-10,TX,1202713023,50113
1182,2020-10,VA,838801696,34950
1183,2020-10,VI,213710,8
1185,2020-10,WA,771844534,32160
1186,2020-10,WI,30835315,1284
1188,2020-11,AK,757001,31
1189,2020-11,AL,189327687,7888
1192,2020-11,CA,5263278715,219303
1194,2020-11,CT,85680,3
1195,2020-11,DC,297211,12
1196,2020-11,DE,161727672,6738
1198,2020-11,FL,949000108,39541
1199,2020-11,GA,1517216831,63217
1200,2020-11,HI,110976894,4624
1203,2020-11,IL,3204441,133
1206,2020-11,KY,32469,1
1207,2020-11,LA,225919455,9413
1208,2020-11,MA,82314908,3429
1209,2020-11,MD,455743187,18989
1210,2020-11,ME,15133475,630
1211,2020-11,MI,5709911,237
1212,2020-11,MN,8244386,343
1214,2020-11,MS,51542194,2147
1216,2020-11,NC,123341279,5139
1220,2020-11,NJ,2694626587,112276
1223,2020-11,NY,258405962,10766
1224,2020-11,OH,6191722,257
1226,2020-11,OR,32502676,1354
1227,2020-11,PA,314830790,13117
1228,2020-11,PR,371761419,15490
1229,2020-11,RI,10866367,452
1230,2020-11,SC,752168769,31340
1233,2020-11,TX,1097134123,45713
1236,2020-11,VA,853501757,35562
1237,2020-11,VI,220110,9
1239,2020-11,WA,744549604,31022
1240,2020-11,WI,32161,1
1242,2020-12,AK,2744272,114
1243,2020-12,AL,149537152,6230
1246,2020-12,CA,5464219765,227675
1249,2020-12,DC,293660,12
1250,2020-12,DE,153531294,6397
1252,2020-12,FL,977322046,40721
1253,2020-12,GA,1461161580,60881
1254,2020-12,HI,117023379,4875
1257,2020-12,IL,9237416,384
1260,2020-12,KY,34963,1
1261,2020-12,LA,260669302,10861
1262,2020-12,MA,97676265,4069
1263,2020-12,MD,493024555,20542
1264,2020-12,ME,16573317,690
1265,2020-12,MI,2909003,121
1266,2020-12,MN,7211903,300
1268,2020-12,MS,64133196,2672
1270,2020-12,NC,70137496,2922
1273,2020-12,NH,632,0
1274,2020-12,NJ,2511523539,104646
1277,2020-12,NY,248652262,10360
1278,2020-12,OH,1817536,75
1280,2020-12,OR,16794886,699
1281,2020-12,PA,404462856,16852
1282,2020-12,PR,339895180,14162
1283,2020-12,RI,22323489,930
1284,2020-12,SC,690901452,28787
1287,2020-12,TX,1121951055,46747
1290,2020-12,VA,806767522,33615
1291,2020-12,VI,213710,8
1293,2020-12,WA,770779587,32115
1294,2020-12,WI,325562,13
1296,2021-01,AK,1588129,66
1297,2021-01,AL,152278250,6344
1300,2021-01,CA,5152038957,214668
1302,2021-01,CT,3313409,138
1303,2021-01,DC,193801,8
1304,2021-01,DE,138491376,5770
1306,2021-01,FL,1083332857,45138
1307,2021-01,GA,1538372002,64098
1308,2021-01,HI,22488054,937
1311,2021-01,IL,2281508,95
1314,2021-01,KY,66072,2
1315,2021-01,LA,254057383,10585
1316,2021-01,MA,85139133,3547
1317,2021-01,MD,503407696,20975
1318,2021-01,ME,11655014,485
1319,2021-01,MI,3698788,154
1320,2021-01,MN,5974116,248
1322,2021-01,MS,75767198,3156
1324,2021-01,NC,95778967,3990
1327,2021-01,NH,40386000,1682
1328,2021-01,NJ,2549997354,106249
1331,2021-01,NY,282243206,11760
1332,2021-01,OH,593765,24
1334,2021-01,OR,15999140,666
1335,2021-01,PA,334962926,13956
1336,2021-01,PR,415278719,17303
1337,2021-01,RI,10202439,425
1338,2021-01,SC,760148562,31672
1341,2021-01,TX,1184581155,49357
1344,2021-01,VA,870445440,36268
1345,2021-01,VI,402296,16
1347,2021-01,WA,730547851,30439
1348,2021-01,WI,47014,1
1350,2021-02,AK,1090898,45
1351,2021-02,AL,122954674,5123
1354,2021-02,CA,4944839791,206034
1356,2021-02,CT,3630117,151
1357,2021-02,DC,204924,8
1358,2021-02,DE,155539724,6480
1360,2021-02,FL,954073696,39753
1361,2021-02,GA,1343148274,55964
1362,2021-02,HI,70671538,2944
1365,2021-02,IL,1564751,65
1368,2021-02,KY,27062,1
1369,2021-02,LA,217652793,9068
1370,2021-02,MA,46811977,1950
1371,2021-02,MD,434235548,18093
1372,2021-02,ME,15620607,650
1373,2021-02,MI,3946268,164
1374,2021-02,MN,5423671,225
1376,2021-02,MS,90964572,3790
1378,2021-02,NC,100801631,4200
1381,2021-02,NH,632,0
1382,2021-02,NJ,2198808522,91617
1385,2021-02,NY,296353797,12348
1386,2021-02,OH,430695,17
1388,2021-02,OR,16868442,702
1389,2021-02,PA,384608812,16025
1390,2021-02,PR,343944231,14331
1391,2021-02,RI,27132433,1130
1392,2021-02,SC,688872724,28703
1395,2021-02,TX,952521945,39688
1398,2021-02,VA,757191592,31549
1399,2021-02,VI,118988,4
1401,2021-02,WA,561031653,23376
1402,2021-02,WI,36602,1
1404,2021-03,AK,629305,26
1405,2021-03,AL,183967633,7665
1408,2021-03,CA,5716425314,238184
1410,2021-03,CT,3880302,161
1411,2021-03,DC,691161,28
1412,2021-03,DE,195855183,8160
1414,2021-03,FL,1089384139,45391
1415,2021-03,GA,1627770002,67823
1416,2021-03,HI,80957302,3373
1419,2021-03,IL,2137066,89
1422,2021-03,KY,144519,6
1423,2021-03,LA,194079750,8086
1424,2021-03,MA,95995113,3999
1425,2021-03,MD,487213567,20300
1426,2021-03,ME,23042712,960
1427,2021-03,MI,5118599,213
1428,2021-03,MN,6940701,289
1430,2021-03,MS,106288820,4428
1432,2021-03,NC,94915528,3954
1436,2021-03,NJ,2707288925,112803
1439,2021-03,NY,305529257,12730
1440,2021-03,OH,12466361,519
1442,2021-03,OR,33129619,1380
1443,2021-03,PA,510974557,21290
1444,2021-03,PR,354348612,14764
1445,2021-03,RI,7996148,333
1446,2021-03,SC,850896137,35454
1449,2021-03,TX,1283579816,53482
1452,2021-03,VA,901597179,37566
1453,2021-03,VI,1033957,43
1455,2021-03,WA,905977208,37749
1456,2021-03,WI,73876,3
